"HITId","HITTypeId","Title","Description","Keywords","Reward","CreationTime","MaxAssignments","RequesterAnnotation","AssignmentDurationInSeconds","AutoApprovalDelayInSeconds","Expiration","NumberOfSimilarHITs","LifetimeInSeconds","AssignmentId","WorkerId","AssignmentStatus","AcceptTime","SubmitTime","AutoApprovalTime","ApprovalTime","RejectionTime","RequesterFeedback","WorkTimeInSeconds","LifetimeApprovalRate","Last30DaysApprovalRate","Last7DaysApprovalRate","Answer.surveycode","Approve","Reject"
"3P888QFVX3264CYFNBR3KBR6ZKFQOX","385XUCFVXWREUISXKICLXGD21Y0V4T","Interacitve online experiment for 20-30 min","Interacitve online experiment for 20-30 min. You will win a bonus on average $3.","Interactive experiment","$1.00","Fri Mar 25 13:53:25 PDT 2016","100","BatchId:2327779;","14400","259200","Fri Mar 25 15:53:25 PDT 2016","","","30JNVC0ORASZYFAM901FPMPPCDAQHC","A1IMXNDHFHG2IE","Submitted","Fri Mar 25 14:01:07 PDT 2016","Fri Mar 25 14:27:49 PDT 2016","Mon Mar 28 14:27:49 PDT 2016","","","","1602","0% (0/0)","0% (0/0)","0% (0/0)","EVRUzl5CD7tAWmKP"
"3P888QFVX3264CYFNBR3KBR6ZKFQOX","385XUCFVXWREUISXKICLXGD21Y0V4T","Interacitve online experiment for 20-30 min","Interacitve online experiment for 20-30 min. You will win a bonus on average $3.","Interactive experiment","$1.00","Fri Mar 25 13:53:25 PDT 2016","100","BatchId:2327779;","14400","259200","Fri Mar 25 15:53:25 PDT 2016","","","31LVTDXBL8I1WC8CD05DM4S1PGMRLM","A5N6QK76RTR7R","Submitted","Fri Mar 25 14:46:37 PDT 2016","Fri Mar 25 15:16:02 PDT 2016","Mon Mar 28 15:16:02 PDT 2016","","","","1765","0% (0/0)","0% (0/0)","0% (0/0)","EsCmIVlrGf4H5oBF"
"3P888QFVX3264CYFNBR3KBR6ZKFQOX","385XUCFVXWREUISXKICLXGD21Y0V4T","Interacitve online experiment for 20-30 min","Interacitve online experiment for 20-30 min. You will win a bonus on average $3.","Interactive experiment","$1.00","Fri Mar 25 13:53:25 PDT 2016","100","BatchId:2327779;","14400","259200","Fri Mar 25 15:53:25 PDT 2016","","","31Q0U3WYDQNEOMKTBCPOX8SNQYN17R","A34GXB9CLD01FZ","Submitted","Fri Mar 25 14:08:18 PDT 2016","Fri Mar 25 15:02:13 PDT 2016","Mon Mar 28 15:02:13 PDT 2016","","","","3235","100% (1/1)","100% (1/1)","100% (1/1)","{}"
"3P888QFVX3264CYFNBR3KBR6ZKFQOX","385XUCFVXWREUISXKICLXGD21Y0V4T","Interacitve online experiment for 20-30 min","Interacitve online experiment for 20-30 min. You will win a bonus on average $3.","Interactive experiment","$1.00","Fri Mar 25 13:53:25 PDT 2016","100","BatchId:2327779;","14400","259200","Fri Mar 25 15:53:25 PDT 2016","","","32AT8R96GMHGGHVJ13XJ31TGO9XSU4","A62LZWGKLMBT2","Submitted","Fri Mar 25 13:54:51 PDT 2016","Fri Mar 25 14:28:24 PDT 2016","Mon Mar 28 14:28:24 PDT 2016","","","","2013","0% (0/0)","0% (0/0)","0% (0/0)","ExfUX8VnjYrDdMBW"
"3P888QFVX3264CYFNBR3KBR6ZKFQOX","385XUCFVXWREUISXKICLXGD21Y0V4T","Interacitve online experiment for 20-30 min","Interacitve online experiment for 20-30 min. You will win a bonus on average $3.","Interactive experiment","$1.00","Fri Mar 25 13:53:25 PDT 2016","100","BatchId:2327779;","14400","259200","Fri Mar 25 15:53:25 PDT 2016","","","32KTQ2V7RENFYUUBJV66VW7WJZ79MK","A37TWHMLVYXK5G","Submitted","Fri Mar 25 14:54:03 PDT 2016","Fri Mar 25 15:20:09 PDT 2016","Mon Mar 28 15:20:09 PDT 2016","","","","1566","100% (1/1)","0% (0/0)","0% (0/0)","EvR5eQ9ihGkJ8xyX"
"3P888QFVX3264CYFNBR3KBR6ZKFQOX","385XUCFVXWREUISXKICLXGD21Y0V4T","Interacitve online experiment for 20-30 min","Interacitve online experiment for 20-30 min. You will win a bonus on average $3.","Interactive experiment","$1.00","Fri Mar 25 13:53:25 PDT 2016","100","BatchId:2327779;","14400","259200","Fri Mar 25 15:53:25 PDT 2016","","","3300DTYQT3PNE5JKJZT94JSCKXIQEW","A1M682B2WUSYJP","Submitted","Fri Mar 25 13:58:06 PDT 2016","Fri Mar 25 14:24:09 PDT 2016","Mon Mar 28 14:24:09 PDT 2016","","","","1563","0% (0/0)","0% (0/0)","0% (0/0)","E0nCEP3SJdU8jlby"
"3P888QFVX3264CYFNBR3KBR6ZKFQOX","385XUCFVXWREUISXKICLXGD21Y0V4T","Interacitve online experiment for 20-30 min","Interacitve online experiment for 20-30 min. You will win a bonus on average $3.","Interactive experiment","$1.00","Fri Mar 25 13:53:25 PDT 2016","100","BatchId:2327779;","14400","259200","Fri Mar 25 15:53:25 PDT 2016","","","336KAV9KYR04SRYQHPF2F4MPM39Y25","A3C35EZLMLQUN8","Submitted","Fri Mar 25 13:54:35 PDT 2016","Fri Mar 25 14:29:12 PDT 2016","Mon Mar 28 14:29:12 PDT 2016","","","","2077","0% (0/0)","0% (0/0)","0% (0/0)","ElBDjRx18SIh4yT6"
"3P888QFVX3264CYFNBR3KBR6ZKFQOX","385XUCFVXWREUISXKICLXGD21Y0V4T","Interacitve online experiment for 20-30 min","Interacitve online experiment for 20-30 min. You will win a bonus on average $3.","Interactive experiment","$1.00","Fri Mar 25 13:53:25 PDT 2016","100","BatchId:2327779;","14400","259200","Fri Mar 25 15:53:25 PDT 2016","","","336YQZE83WMWX7SZG5TPJG2UX3MM54","A3RS0C2W0SSY1S","Submitted","Fri Mar 25 14:07:11 PDT 2016","Fri Mar 25 14:32:30 PDT 2016","Mon Mar 28 14:32:30 PDT 2016","","","","1519","0% (0/0)","0% (0/0)","0% (0/0)","EOVYua6EzxCtsDgF"
"3P888QFVX3264CYFNBR3KBR6ZKFQOX","385XUCFVXWREUISXKICLXGD21Y0V4T","Interacitve online experiment for 20-30 min","Interacitve online experiment for 20-30 min. You will win a bonus on average $3.","Interactive experiment","$1.00","Fri Mar 25 13:53:25 PDT 2016","100","BatchId:2327779;","14400","259200","Fri Mar 25 15:53:25 PDT 2016","","","337RC3OW06ATPJPTMKANN1H4AMYLV8","ARM1KHL1WNDJ5","Submitted","Fri Mar 25 14:03:24 PDT 2016","Fri Mar 25 14:50:15 PDT 2016","Mon Mar 28 14:50:15 PDT 2016","","","","2811","0% (0/0)","0% (0/0)","0% (0/0)","EYCQgpilw0afct4y"
"3P888QFVX3264CYFNBR3KBR6ZKFQOX","385XUCFVXWREUISXKICLXGD21Y0V4T","Interacitve online experiment for 20-30 min","Interacitve online experiment for 20-30 min. You will win a bonus on average $3.","Interactive experiment","$1.00","Fri Mar 25 13:53:25 PDT 2016","100","BatchId:2327779;","14400","259200","Fri Mar 25 15:53:25 PDT 2016","","","33CID5710519DANA2A4H46PLJ263LU","A2AKMVI7FKTHKJ","Submitted","Fri Mar 25 14:07:54 PDT 2016","Fri Mar 25 14:40:23 PDT 2016","Mon Mar 28 14:40:23 PDT 2016","","","","1949","100% (1/1)","100% (1/1)","100% (1/1)","Google Chrome Version 49.0.2623.87 m"
"3P888QFVX3264CYFNBR3KBR6ZKFQOX","385XUCFVXWREUISXKICLXGD21Y0V4T","Interacitve online experiment for 20-30 min","Interacitve online experiment for 20-30 min. You will win a bonus on average $3.","Interactive experiment","$1.00","Fri Mar 25 13:53:25 PDT 2016","100","BatchId:2327779;","14400","259200","Fri Mar 25 15:53:25 PDT 2016","","","33LK57MYLUDX2GPT7QWRKT8VQRCSZT","A2TG7EEQ2XG2IK","Submitted","Fri Mar 25 13:56:52 PDT 2016","Fri Mar 25 14:26:37 PDT 2016","Mon Mar 28 14:26:37 PDT 2016","","","","1785","0% (0/0)","0% (0/0)","0% (0/0)","EX4M65m9TeNtyBph"
"3P888QFVX3264CYFNBR3KBR6ZKFQOX","385XUCFVXWREUISXKICLXGD21Y0V4T","Interacitve online experiment for 20-30 min","Interacitve online experiment for 20-30 min. You will win a bonus on average $3.","Interactive experiment","$1.00","Fri Mar 25 13:53:25 PDT 2016","100","BatchId:2327779;","14400","259200","Fri Mar 25 15:53:25 PDT 2016","","","33PPUNGG39DL11PGS1WMUJ3Z4PSRZ3","AB774I47XHB4K","Submitted","Fri Mar 25 13:56:02 PDT 2016","Fri Mar 25 14:23:20 PDT 2016","Mon Mar 28 14:23:20 PDT 2016","","","","1638","100% (1/1)","0% (0/0)","0% (0/0)","EQemOgCast0LDnyJ"
"3P888QFVX3264CYFNBR3KBR6ZKFQOX","385XUCFVXWREUISXKICLXGD21Y0V4T","Interacitve online experiment for 20-30 min","Interacitve online experiment for 20-30 min. You will win a bonus on average $3.","Interactive experiment","$1.00","Fri Mar 25 13:53:25 PDT 2016","100","BatchId:2327779;","14400","259200","Fri Mar 25 15:53:25 PDT 2016","","","33TIN5LC05IFSBJP2YUHPRU3S9JY9X","A6JKKANO7F4KD","Submitted","Fri Mar 25 13:56:30 PDT 2016","Fri Mar 25 14:25:06 PDT 2016","Mon Mar 28 14:25:06 PDT 2016","","","","1716","100% (1/1)","100% (1/1)","0% (0/0)","EEA3YHZ5Th6pJgN7"
"3P888QFVX3264CYFNBR3KBR6ZKFQOX","385XUCFVXWREUISXKICLXGD21Y0V4T","Interacitve online experiment for 20-30 min","Interacitve online experiment for 20-30 min. You will win a bonus on average $3.","Interactive experiment","$1.00","Fri Mar 25 13:53:25 PDT 2016","100","BatchId:2327779;","14400","259200","Fri Mar 25 15:53:25 PDT 2016","","","33UKMF931AS2V4T9QYCZ8A307E4TT3","A36UGBUM4CKC0D","Submitted","Fri Mar 25 14:16:55 PDT 2016","Fri Mar 25 16:27:28 PDT 2016","Mon Mar 28 16:27:28 PDT 2016","","","","7833","100% (1/1)","100% (1/1)","100% (1/1)","EMpYw5ziuvTOSFeB"
"3P888QFVX3264CYFNBR3KBR6ZKFQOX","385XUCFVXWREUISXKICLXGD21Y0V4T","Interacitve online experiment for 20-30 min","Interacitve online experiment for 20-30 min. You will win a bonus on average $3.","Interactive experiment","$1.00","Fri Mar 25 13:53:25 PDT 2016","100","BatchId:2327779;","14400","259200","Fri Mar 25 15:53:25 PDT 2016","","","35H6S234SB8U8477TPM8UK5873B56H","A6FMGGN74ZJ7C","Submitted","Fri Mar 25 15:47:15 PDT 2016","Fri Mar 25 16:27:01 PDT 2016","Mon Mar 28 16:27:01 PDT 2016","","","","2386","100% (1/1)","0% (0/0)","0% (0/0)","EpvBzWKAZ3jXRQbF"
"3P888QFVX3264CYFNBR3KBR6ZKFQOX","385XUCFVXWREUISXKICLXGD21Y0V4T","Interacitve online experiment for 20-30 min","Interacitve online experiment for 20-30 min. You will win a bonus on average $3.","Interactive experiment","$1.00","Fri Mar 25 13:53:25 PDT 2016","100","BatchId:2327779;","14400","259200","Fri Mar 25 15:53:25 PDT 2016","","","3634BBTX0P223LVX1286DZMQ5OHFI1","AXIW3PWKPDPCW","Submitted","Fri Mar 25 14:20:43 PDT 2016","Fri Mar 25 14:48:52 PDT 2016","Mon Mar 28 14:48:52 PDT 2016","","","","1689","0% (0/0)","0% (0/0)","0% (0/0)","ELfOa4RroYtUpcJH"
"3P888QFVX3264CYFNBR3KBR6ZKFQOX","385XUCFVXWREUISXKICLXGD21Y0V4T","Interacitve online experiment for 20-30 min","Interacitve online experiment for 20-30 min. You will win a bonus on average $3.","Interactive experiment","$1.00","Fri Mar 25 13:53:25 PDT 2016","100","BatchId:2327779;","14400","259200","Fri Mar 25 15:53:25 PDT 2016","","","36H9ULYP632YYWF3JKT6P01QI35JFG","A5XQ30GQTHHK6","Submitted","Fri Mar 25 13:55:50 PDT 2016","Fri Mar 25 14:22:06 PDT 2016","Mon Mar 28 14:22:06 PDT 2016","","","","1576","100% (1/1)","0% (0/0)","0% (0/0)","EHqminAKgFXsYQ7Z"
"3P888QFVX3264CYFNBR3KBR6ZKFQOX","385XUCFVXWREUISXKICLXGD21Y0V4T","Interacitve online experiment for 20-30 min","Interacitve online experiment for 20-30 min. You will win a bonus on average $3.","Interactive experiment","$1.00","Fri Mar 25 13:53:25 PDT 2016","100","BatchId:2327779;","14400","259200","Fri Mar 25 15:53:25 PDT 2016","","","36PW28KO404VRPC3U3WNEJD7GFWAE9","A2KPTJMOIYHG69","Submitted","Fri Mar 25 13:55:03 PDT 2016","Fri Mar 25 14:26:00 PDT 2016","Mon Mar 28 14:26:00 PDT 2016","","","","1857","100% (1/1)","0% (0/0)","0% (0/0)","EHesvzT8NcSWAum6"
"3P888QFVX3264CYFNBR3KBR6ZKFQOX","385XUCFVXWREUISXKICLXGD21Y0V4T","Interacitve online experiment for 20-30 min","Interacitve online experiment for 20-30 min. You will win a bonus on average $3.","Interactive experiment","$1.00","Fri Mar 25 13:53:25 PDT 2016","100","BatchId:2327779;","14400","259200","Fri Mar 25 15:53:25 PDT 2016","","","37M28K1J0RL325YV847EBZQZLNSAJU","A3U5UUXAHKF7VM","Submitted","Fri Mar 25 13:56:45 PDT 2016","Fri Mar 25 14:23:39 PDT 2016","Mon Mar 28 14:23:39 PDT 2016","","","","1614","0% (0/0)","0% (0/0)","0% (0/0)","EfVa0Uq8ibKLSwg9"
"3P888QFVX3264CYFNBR3KBR6ZKFQOX","385XUCFVXWREUISXKICLXGD21Y0V4T","Interacitve online experiment for 20-30 min","Interacitve online experiment for 20-30 min. You will win a bonus on average $3.","Interactive experiment","$1.00","Fri Mar 25 13:53:25 PDT 2016","100","BatchId:2327779;","14400","259200","Fri Mar 25 15:53:25 PDT 2016","","","37QW5D2ZRHUIIKO6Y0WE79BRRI68S5","A14LW6D1Q84FC6","Submitted","Fri Mar 25 14:52:04 PDT 2016","Fri Mar 25 15:20:17 PDT 2016","Mon Mar 28 15:20:17 PDT 2016","","","","1693","100% (1/1)","100% (1/1)","100% (1/1)","ErszeY1xKMDFSOmG"
"3P888QFVX3264CYFNBR3KBR6ZKFQOX","385XUCFVXWREUISXKICLXGD21Y0V4T","Interacitve online experiment for 20-30 min","Interacitve online experiment for 20-30 min. You will win a bonus on average $3.","Interactive experiment","$1.00","Fri Mar 25 13:53:25 PDT 2016","100","BatchId:2327779;","14400","259200","Fri Mar 25 15:53:25 PDT 2016","","","386PBUZZXG5KYOPZ5VW4KD6AFZRLJN","A1DY3EW6Q0B5K5","Submitted","Fri Mar 25 13:58:11 PDT 2016","Fri Mar 25 14:32:30 PDT 2016","Mon Mar 28 14:32:30 PDT 2016","","","","2059","0% (0/0)","0% (0/0)","0% (0/0)","EoydAmKbtLE7WO6a"
"3P888QFVX3264CYFNBR3KBR6ZKFQOX","385XUCFVXWREUISXKICLXGD21Y0V4T","Interacitve online experiment for 20-30 min","Interacitve online experiment for 20-30 min. You will win a bonus on average $3.","Interactive experiment","$1.00","Fri Mar 25 13:53:25 PDT 2016","100","BatchId:2327779;","14400","259200","Fri Mar 25 15:53:25 PDT 2016","","","38SKSKU7R25O3D5TNDB48CRA2K2LIB","A3UIDFZ7IUOTUO","Submitted","Fri Mar 25 13:56:16 PDT 2016","Fri Mar 25 14:38:46 PDT 2016","Mon Mar 28 14:38:46 PDT 2016","","","","2550","100% (1/1)","0% (0/0)","0% (0/0)","EJew2YrDoWVMcTIH"
"3P888QFVX3264CYFNBR3KBR6ZKFQOX","385XUCFVXWREUISXKICLXGD21Y0V4T","Interacitve online experiment for 20-30 min","Interacitve online experiment for 20-30 min. You will win a bonus on average $3.","Interactive experiment","$1.00","Fri Mar 25 13:53:25 PDT 2016","100","BatchId:2327779;","14400","259200","Fri Mar 25 15:53:25 PDT 2016","","","38YMOXR4MV7OLNMRPQ9HKKILR0C6WW","AV6OHMCX28R14","Submitted","Fri Mar 25 14:14:51 PDT 2016","Fri Mar 25 14:49:12 PDT 2016","Mon Mar 28 14:49:12 PDT 2016","","","","2061","0% (0/0)","0% (0/0)","0% (0/0)","EDpxdLVqglCbmhOB"
"3P888QFVX3264CYFNBR3KBR6ZKFQOX","385XUCFVXWREUISXKICLXGD21Y0V4T","Interacitve online experiment for 20-30 min","Interacitve online experiment for 20-30 min. You will win a bonus on average $3.","Interactive experiment","$1.00","Fri Mar 25 13:53:25 PDT 2016","100","BatchId:2327779;","14400","259200","Fri Mar 25 15:53:25 PDT 2016","","","39L1G8WVWRZWN3J690MYKRG7LW131O","A15GRSTO3CWT8O","Submitted","Fri Mar 25 14:34:51 PDT 2016","Fri Mar 25 15:09:03 PDT 2016","Mon Mar 28 15:09:03 PDT 2016","","","","2052","0% (0/0)","0% (0/0)","0% (0/0)","E2rMl1hJxItsTKNW"
"3P888QFVX3264CYFNBR3KBR6ZKFQOX","385XUCFVXWREUISXKICLXGD21Y0V4T","Interacitve online experiment for 20-30 min","Interacitve online experiment for 20-30 min. You will win a bonus on average $3.","Interactive experiment","$1.00","Fri Mar 25 13:53:25 PDT 2016","100","BatchId:2327779;","14400","259200","Fri Mar 25 15:53:25 PDT 2016","","","3A4NIXBJ777AZWVK8S9W05YRJTMLMR","A31ZQLN5HTZZOS","Submitted","Fri Mar 25 13:59:37 PDT 2016","Fri Mar 25 14:23:17 PDT 2016","Mon Mar 28 14:23:17 PDT 2016","","","","1420","100% (24/24)","0% (0/0)","0% (0/0)","EXCBZhFqbMH1YNgp"
"3P888QFVX3264CYFNBR3KBR6ZKFQOX","385XUCFVXWREUISXKICLXGD21Y0V4T","Interacitve online experiment for 20-30 min","Interacitve online experiment for 20-30 min. You will win a bonus on average $3.","Interactive experiment","$1.00","Fri Mar 25 13:53:25 PDT 2016","100","BatchId:2327779;","14400","259200","Fri Mar 25 15:53:25 PDT 2016","","","3AMW0RGHOEA68ZVICLH3U1WBTTYNPS","A1X4W7U82X07NG","Submitted","Fri Mar 25 14:29:10 PDT 2016","Fri Mar 25 15:00:25 PDT 2016","Mon Mar 28 15:00:25 PDT 2016","","","","1875","0% (0/0)","0% (0/0)","0% (0/0)","EAhiZM9O54IDLxlN"
"3P888QFVX3264CYFNBR3KBR6ZKFQOX","385XUCFVXWREUISXKICLXGD21Y0V4T","Interacitve online experiment for 20-30 min","Interacitve online experiment for 20-30 min. You will win a bonus on average $3.","Interactive experiment","$1.00","Fri Mar 25 13:53:25 PDT 2016","100","BatchId:2327779;","14400","259200","Fri Mar 25 15:53:25 PDT 2016","","","3AUQQEL7U61GSN07XRO4PHPG7OO0VF","A2H1QUGX0SOUMH","Submitted","Fri Mar 25 14:01:39 PDT 2016","Fri Mar 25 14:38:39 PDT 2016","Mon Mar 28 14:38:39 PDT 2016","","","","2220","100% (1/1)","0% (0/0)","0% (0/0)","EW6aVSXvdU70mFiw"
"3P888QFVX3264CYFNBR3KBR6ZKFQOX","385XUCFVXWREUISXKICLXGD21Y0V4T","Interacitve online experiment for 20-30 min","Interacitve online experiment for 20-30 min. You will win a bonus on average $3.","Interactive experiment","$1.00","Fri Mar 25 13:53:25 PDT 2016","100","BatchId:2327779;","14400","259200","Fri Mar 25 15:53:25 PDT 2016","","","3B837J3LDP4O0P32X92EYQ6WHASRSY","A2581F7TDPAMBQ","Submitted","Fri Mar 25 13:54:11 PDT 2016","Fri Mar 25 14:21:06 PDT 2016","Mon Mar 28 14:21:06 PDT 2016","","","","1615","100% (1/1)","100% (1/1)","100% (1/1)","E4B37vmnbJX8odhr"
"3P888QFVX3264CYFNBR3KBR6ZKFQOX","385XUCFVXWREUISXKICLXGD21Y0V4T","Interacitve online experiment for 20-30 min","Interacitve online experiment for 20-30 min. You will win a bonus on average $3.","Interactive experiment","$1.00","Fri Mar 25 13:53:25 PDT 2016","100","BatchId:2327779;","14400","259200","Fri Mar 25 15:53:25 PDT 2016","","","3C5W7UE9CGY5ZQC9MBCKBZTEQ2WXMP","A2BWRGOY975VVV","Submitted","Fri Mar 25 14:35:02 PDT 2016","Fri Mar 25 15:03:05 PDT 2016","Mon Mar 28 15:03:05 PDT 2016","","","","1683","0% (0/0)","0% (0/0)","0% (0/0)","EiuqlmLgKSef6oFN"
"3P888QFVX3264CYFNBR3KBR6ZKFQOX","385XUCFVXWREUISXKICLXGD21Y0V4T","Interacitve online experiment for 20-30 min","Interacitve online experiment for 20-30 min. You will win a bonus on average $3.","Interactive experiment","$1.00","Fri Mar 25 13:53:25 PDT 2016","100","BatchId:2327779;","14400","259200","Fri Mar 25 15:53:25 PDT 2016","","","3DH6GAKTYZXUY2126WOG2FWW7C8ZYE","ALVNLAB9WP9I4","Submitted","Fri Mar 25 14:26:16 PDT 2016","Fri Mar 25 15:00:30 PDT 2016","Mon Mar 28 15:00:30 PDT 2016","","","","2054","0% (0/0)","0% (0/0)","0% (0/0)","E83Yevd1DmuanXNI"
"3P888QFVX3264CYFNBR3KBR6ZKFQOX","385XUCFVXWREUISXKICLXGD21Y0V4T","Interacitve online experiment for 20-30 min","Interacitve online experiment for 20-30 min. You will win a bonus on average $3.","Interactive experiment","$1.00","Fri Mar 25 13:53:25 PDT 2016","100","BatchId:2327779;","14400","259200","Fri Mar 25 15:53:25 PDT 2016","","","3DY4FPOOA2W4SHK6R47J9DQ3GEMRV3","A2TXC8Q2IFGRXH","Submitted","Fri Mar 25 13:54:31 PDT 2016","Fri Mar 25 14:22:30 PDT 2016","Mon Mar 28 14:22:30 PDT 2016","","","","1679","100% (1/1)","0% (0/0)","0% (0/0)","EKt47VimZBoYjbz8"
"3P888QFVX3264CYFNBR3KBR6ZKFQOX","385XUCFVXWREUISXKICLXGD21Y0V4T","Interacitve online experiment for 20-30 min","Interacitve online experiment for 20-30 min. You will win a bonus on average $3.","Interactive experiment","$1.00","Fri Mar 25 13:53:25 PDT 2016","100","BatchId:2327779;","14400","259200","Fri Mar 25 15:53:25 PDT 2016","","","3E1QT0TDFQHTO6LATO203754IK5I8O","A1GXFMAC759VRM","Submitted","Fri Mar 25 15:11:51 PDT 2016","Fri Mar 25 16:25:05 PDT 2016","Mon Mar 28 16:25:05 PDT 2016","","","","4394","0% (0/0)","0% (0/0)","0% (0/0)","Submitting per email instructions, thanks, again!"
"3P888QFVX3264CYFNBR3KBR6ZKFQOX","385XUCFVXWREUISXKICLXGD21Y0V4T","Interacitve online experiment for 20-30 min","Interacitve online experiment for 20-30 min. You will win a bonus on average $3.","Interactive experiment","$1.00","Fri Mar 25 13:53:25 PDT 2016","100","BatchId:2327779;","14400","259200","Fri Mar 25 15:53:25 PDT 2016","","","3E337GFOLAG0VM2J92RG0SIJS2BGNH","A23S3TBFRILU5H","Submitted","Fri Mar 25 14:40:33 PDT 2016","Fri Mar 25 15:13:25 PDT 2016","Mon Mar 28 15:13:25 PDT 2016","","","","1972","100% (1/1)","100% (1/1)","100% (1/1)","E5bPk68f97ASIQex"
"3P888QFVX3264CYFNBR3KBR6ZKFQOX","385XUCFVXWREUISXKICLXGD21Y0V4T","Interacitve online experiment for 20-30 min","Interacitve online experiment for 20-30 min. You will win a bonus on average $3.","Interactive experiment","$1.00","Fri Mar 25 13:53:25 PDT 2016","100","BatchId:2327779;","14400","259200","Fri Mar 25 15:53:25 PDT 2016","","","3EFVCAY5L4HPJH5GB6N0F8K4VZSJ8Z","A104HK5ONFNJJT","Submitted","Fri Mar 25 13:54:44 PDT 2016","Fri Mar 25 14:25:07 PDT 2016","Mon Mar 28 14:25:07 PDT 2016","","","","1823","0% (0/0)","0% (0/0)","0% (0/0)","EDTdiWAVbFCYu5JI"
"3P888QFVX3264CYFNBR3KBR6ZKFQOX","385XUCFVXWREUISXKICLXGD21Y0V4T","Interacitve online experiment for 20-30 min","Interacitve online experiment for 20-30 min. You will win a bonus on average $3.","Interactive experiment","$1.00","Fri Mar 25 13:53:25 PDT 2016","100","BatchId:2327779;","14400","259200","Fri Mar 25 15:53:25 PDT 2016","","","3EICBYG6454RVKVTSI35HUGNLQEJC6","A1YATC681A2FIH","Submitted","Fri Mar 25 14:46:43 PDT 2016","Fri Mar 25 15:15:58 PDT 2016","Mon Mar 28 15:15:58 PDT 2016","","","","1755","0% (0/0)","0% (0/0)","0% (0/0)","EFOcVUSnTIrP4KBp"
"3P888QFVX3264CYFNBR3KBR6ZKFQOX","385XUCFVXWREUISXKICLXGD21Y0V4T","Interacitve online experiment for 20-30 min","Interacitve online experiment for 20-30 min. You will win a bonus on average $3.","Interactive experiment","$1.00","Fri Mar 25 13:53:25 PDT 2016","100","BatchId:2327779;","14400","259200","Fri Mar 25 15:53:25 PDT 2016","","","3EJPLAJKENOSFIRW0DTOJOC382FZ6E","A1OQ52KDFMOJGR","Submitted","Fri Mar 25 14:11:58 PDT 2016","Fri Mar 25 16:27:02 PDT 2016","Mon Mar 28 16:27:02 PDT 2016","","","","8104","100% (5/5)","0% (0/0)","0% (0/0)","EagHiuEfo6wcQXMP"
"3P888QFVX3264CYFNBR3KBR6ZKFQOX","385XUCFVXWREUISXKICLXGD21Y0V4T","Interacitve online experiment for 20-30 min","Interacitve online experiment for 20-30 min. You will win a bonus on average $3.","Interactive experiment","$1.00","Fri Mar 25 13:53:25 PDT 2016","100","BatchId:2327779;","14400","259200","Fri Mar 25 15:53:25 PDT 2016","","","3ERET4BTVNHK86U8YJTQGJFSUUCK9Q","A11QDNT3W7DT7K","Submitted","Fri Mar 25 14:57:02 PDT 2016","Fri Mar 25 15:37:34 PDT 2016","Mon Mar 28 15:37:34 PDT 2016","","","","2432","100% (1/1)","0% (0/0)","0% (0/0)","EwfSQOpxUv3ebGKR"
"3P888QFVX3264CYFNBR3KBR6ZKFQOX","385XUCFVXWREUISXKICLXGD21Y0V4T","Interacitve online experiment for 20-30 min","Interacitve online experiment for 20-30 min. You will win a bonus on average $3.","Interactive experiment","$1.00","Fri Mar 25 13:53:25 PDT 2016","100","BatchId:2327779;","14400","259200","Fri Mar 25 15:53:25 PDT 2016","","","3G0WWMR1UWSR8BWXCYWSU6MLYPKNQJ","AVX07V8SO0Q69","Submitted","Fri Mar 25 14:29:24 PDT 2016","Fri Mar 25 15:00:48 PDT 2016","Mon Mar 28 15:00:48 PDT 2016","","","","1884","0% (0/0)","0% (0/0)","0% (0/0)","EQZ7xEOqpuVH8TMk"
"3P888QFVX3264CYFNBR3KBR6ZKFQOX","385XUCFVXWREUISXKICLXGD21Y0V4T","Interacitve online experiment for 20-30 min","Interacitve online experiment for 20-30 min. You will win a bonus on average $3.","Interactive experiment","$1.00","Fri Mar 25 13:53:25 PDT 2016","100","BatchId:2327779;","14400","259200","Fri Mar 25 15:53:25 PDT 2016","","","3HL8HNGX4699SK2UX82T06NNMYU9FC","A2Q9QT2B8XRGJ5","Submitted","Fri Mar 25 14:08:18 PDT 2016","Fri Mar 25 15:38:17 PDT 2016","Mon Mar 28 15:38:17 PDT 2016","","","","5399","100% (1/1)","100% (1/1)","100% (1/1)","EOND0IT5VbyiU9RK"
"3P888QFVX3264CYFNBR3KBR6ZKFQOX","385XUCFVXWREUISXKICLXGD21Y0V4T","Interacitve online experiment for 20-30 min","Interacitve online experiment for 20-30 min. You will win a bonus on average $3.","Interactive experiment","$1.00","Fri Mar 25 13:53:25 PDT 2016","100","BatchId:2327779;","14400","259200","Fri Mar 25 15:53:25 PDT 2016","","","3HVVDCPGTF0YCQS304ZYGRVFMGMTYS","A1O0G56C5OLEX9","Submitted","Fri Mar 25 14:12:21 PDT 2016","Fri Mar 25 14:56:18 PDT 2016","Mon Mar 28 14:56:18 PDT 2016","","","","2637","0% (0/0)","0% (0/0)","0% (0/0)","EIGtTb6jOpCslmBz"
"3P888QFVX3264CYFNBR3KBR6ZKFQOX","385XUCFVXWREUISXKICLXGD21Y0V4T","Interacitve online experiment for 20-30 min","Interacitve online experiment for 20-30 min. You will win a bonus on average $3.","Interactive experiment","$1.00","Fri Mar 25 13:53:25 PDT 2016","100","BatchId:2327779;","14400","259200","Fri Mar 25 15:53:25 PDT 2016","","","3JRJSWSMQITV74DILOHDRBZ1A54E3H","A1FTR8DJIKGD8H","Submitted","Fri Mar 25 13:59:29 PDT 2016","Fri Mar 25 14:23:22 PDT 2016","Mon Mar 28 14:23:22 PDT 2016","","","","1433","0% (0/0)","0% (0/0)","0% (0/0)","EgrZaXqYLURNl4hG"
"3P888QFVX3264CYFNBR3KBR6ZKFQOX","385XUCFVXWREUISXKICLXGD21Y0V4T","Interacitve online experiment for 20-30 min","Interacitve online experiment for 20-30 min. You will win a bonus on average $3.","Interactive experiment","$1.00","Fri Mar 25 13:53:25 PDT 2016","100","BatchId:2327779;","14400","259200","Fri Mar 25 15:53:25 PDT 2016","","","3JZQSN0I3RIO7UP2BE83SN9AQBOGF9","AIC7C3C6ELTRF","Submitted","Fri Mar 25 13:57:13 PDT 2016","Fri Mar 25 14:23:55 PDT 2016","Mon Mar 28 14:23:55 PDT 2016","","","","1602","100% (1/1)","100% (1/1)","100% (1/1)","E07MI6YKBwLHTrjp"
"3P888QFVX3264CYFNBR3KBR6ZKFQOX","385XUCFVXWREUISXKICLXGD21Y0V4T","Interacitve online experiment for 20-30 min","Interacitve online experiment for 20-30 min. You will win a bonus on average $3.","Interactive experiment","$1.00","Fri Mar 25 13:53:25 PDT 2016","100","BatchId:2327779;","14400","259200","Fri Mar 25 15:53:25 PDT 2016","","","3K2755HG5TBLVAFB9O7VM26DDJ9DFX","AWDKL9UCVI0R2","Submitted","Fri Mar 25 14:30:20 PDT 2016","Fri Mar 25 15:16:47 PDT 2016","Mon Mar 28 15:16:47 PDT 2016","","","","2787","0% (0/0)","0% (0/0)","0% (0/0)","EMs1wBvOuirkqFjD"
"3P888QFVX3264CYFNBR3KBR6ZKFQOX","385XUCFVXWREUISXKICLXGD21Y0V4T","Interacitve online experiment for 20-30 min","Interacitve online experiment for 20-30 min. You will win a bonus on average $3.","Interactive experiment","$1.00","Fri Mar 25 13:53:25 PDT 2016","100","BatchId:2327779;","14400","259200","Fri Mar 25 15:53:25 PDT 2016","","","3K4J6M3CXF1TB38U0YMBEMYJTVCAGR","A3PUU1XU4C1A3V","Submitted","Fri Mar 25 14:25:06 PDT 2016","Fri Mar 25 14:52:13 PDT 2016","Mon Mar 28 14:52:13 PDT 2016","","","","1627","0% (0/0)","0% (0/0)","0% (0/0)","EVncOYKrACHvzW1k"
"3P888QFVX3264CYFNBR3KBR6ZKFQOX","385XUCFVXWREUISXKICLXGD21Y0V4T","Interacitve online experiment for 20-30 min","Interacitve online experiment for 20-30 min. You will win a bonus on average $3.","Interactive experiment","$1.00","Fri Mar 25 13:53:25 PDT 2016","100","BatchId:2327779;","14400","259200","Fri Mar 25 15:53:25 PDT 2016","","","3KB8R4ZV1FFYUDDM6CM79XIPBDXBGN","A37MQE3V7PAGMB","Submitted","Fri Mar 25 14:42:38 PDT 2016","Fri Mar 25 15:13:23 PDT 2016","Mon Mar 28 15:13:23 PDT 2016","","","","1845","0% (0/0)","0% (0/0)","0% (0/0)","EmlyaLv8dSjz4kAn"
"3P888QFVX3264CYFNBR3KBR6ZKFQOX","385XUCFVXWREUISXKICLXGD21Y0V4T","Interacitve online experiment for 20-30 min","Interacitve online experiment for 20-30 min. You will win a bonus on average $3.","Interactive experiment","$1.00","Fri Mar 25 13:53:25 PDT 2016","100","BatchId:2327779;","14400","259200","Fri Mar 25 15:53:25 PDT 2016","","","3KJYX6QCMAJNUT1TJZYA7M4C6XTVJG","A3BKT9H4GNKLY7","Submitted","Fri Mar 25 13:58:49 PDT 2016","Fri Mar 25 15:12:03 PDT 2016","Mon Mar 28 15:12:03 PDT 2016","","","","4394","100% (1/1)","100% (1/1)","100% (1/1)","{}"
"3P888QFVX3264CYFNBR3KBR6ZKFQOX","385XUCFVXWREUISXKICLXGD21Y0V4T","Interacitve online experiment for 20-30 min","Interacitve online experiment for 20-30 min. You will win a bonus on average $3.","Interactive experiment","$1.00","Fri Mar 25 13:53:25 PDT 2016","100","BatchId:2327779;","14400","259200","Fri Mar 25 15:53:25 PDT 2016","","","3L2IS5HSFBQJ043ET7GX47JA1AQNUO","A19WXHQSBB6P6O","Submitted","Fri Mar 25 14:32:30 PDT 2016","Fri Mar 25 15:02:54 PDT 2016","Mon Mar 28 15:02:54 PDT 2016","","","","1824","100% (2/2)","100% (1/1)","100% (1/1)","Ec5G8zJCUnspVLbK"
"3P888QFVX3264CYFNBR3KBR6ZKFQOX","385XUCFVXWREUISXKICLXGD21Y0V4T","Interacitve online experiment for 20-30 min","Interacitve online experiment for 20-30 min. You will win a bonus on average $3.","Interactive experiment","$1.00","Fri Mar 25 13:53:25 PDT 2016","100","BatchId:2327779;","14400","259200","Fri Mar 25 15:53:25 PDT 2016","","","3L70J4KAZHUQZJY3Y8L381VMG3VADG","A7CYU79YGRVQ8","Submitted","Fri Mar 25 13:54:14 PDT 2016","Fri Mar 25 14:28:26 PDT 2016","Mon Mar 28 14:28:26 PDT 2016","","","","2052","0% (0/0)","0% (0/0)","0% (0/0)","EFIDZgCNHYi12jdJ"
"3P888QFVX3264CYFNBR3KBR6ZKFQOX","385XUCFVXWREUISXKICLXGD21Y0V4T","Interacitve online experiment for 20-30 min","Interacitve online experiment for 20-30 min. You will win a bonus on average $3.","Interactive experiment","$1.00","Fri Mar 25 13:53:25 PDT 2016","100","BatchId:2327779;","14400","259200","Fri Mar 25 15:53:25 PDT 2016","","","3LUY3GC6308H5E3VWE0EY4ALTET7P1","AYOLVUJBAIR0M","Submitted","Fri Mar 25 14:30:18 PDT 2016","Fri Mar 25 15:00:15 PDT 2016","Mon Mar 28 15:00:15 PDT 2016","","","","1797","0% (0/0)","0% (0/0)","0% (0/0)","ERBKh6jwT4bzXilu"
"3P888QFVX3264CYFNBR3KBR6ZKFQOX","385XUCFVXWREUISXKICLXGD21Y0V4T","Interacitve online experiment for 20-30 min","Interacitve online experiment for 20-30 min. You will win a bonus on average $3.","Interactive experiment","$1.00","Fri Mar 25 13:53:25 PDT 2016","100","BatchId:2327779;","14400","259200","Fri Mar 25 15:53:25 PDT 2016","","","3M1CVSFP61DKOS283URN802LZIKAQL","A28F1ZWZ9H0RHA","Submitted","Fri Mar 25 14:39:52 PDT 2016","Fri Mar 25 15:09:56 PDT 2016","Mon Mar 28 15:09:56 PDT 2016","","","","1804","100% (2/2)","0% (0/0)","0% (0/0)","EFEn7UPHkcwbLT26"
"3P888QFVX3264CYFNBR3KBR6ZKFQOX","385XUCFVXWREUISXKICLXGD21Y0V4T","Interacitve online experiment for 20-30 min","Interacitve online experiment for 20-30 min. You will win a bonus on average $3.","Interactive experiment","$1.00","Fri Mar 25 13:53:25 PDT 2016","100","BatchId:2327779;","14400","259200","Fri Mar 25 15:53:25 PDT 2016","","","3M1CVSFP61DKOS283URN802LZIKQA1","AW2TBYJM32KBE","Submitted","Fri Mar 25 13:55:30 PDT 2016","Fri Mar 25 15:37:24 PDT 2016","Mon Mar 28 15:37:24 PDT 2016","","","","6114","100% (1/1)","0% (0/0)","0% (0/0)","Ezk7aV9xSE4XZPoN"
"3P888QFVX3264CYFNBR3KBR6ZKFQOX","385XUCFVXWREUISXKICLXGD21Y0V4T","Interacitve online experiment for 20-30 min","Interacitve online experiment for 20-30 min. You will win a bonus on average $3.","Interactive experiment","$1.00","Fri Mar 25 13:53:25 PDT 2016","100","BatchId:2327779;","14400","259200","Fri Mar 25 15:53:25 PDT 2016","","","3MH9DQ757XKDQCMS6332ENAD0Y3GU8","AWCD7E12GSX2Z","Submitted","Fri Mar 25 14:04:59 PDT 2016","Fri Mar 25 14:32:38 PDT 2016","Mon Mar 28 14:32:38 PDT 2016","","","","1659","100% (1/1)","100% (1/1)","100% (1/1)","E0zeE6lnFCSPXHsx"
"3P888QFVX3264CYFNBR3KBR6ZKFQOX","385XUCFVXWREUISXKICLXGD21Y0V4T","Interacitve online experiment for 20-30 min","Interacitve online experiment for 20-30 min. You will win a bonus on average $3.","Interactive experiment","$1.00","Fri Mar 25 13:53:25 PDT 2016","100","BatchId:2327779;","14400","259200","Fri Mar 25 15:53:25 PDT 2016","","","3MMN5BL1W0CTJS5V2M5W4J4AJ7X3MX","A2HG74WSLQHHGV","Submitted","Fri Mar 25 14:39:56 PDT 2016","Fri Mar 25 15:08:34 PDT 2016","Mon Mar 28 15:08:34 PDT 2016","","","","1718","0% (0/0)","0% (0/0)","0% (0/0)","EW5Afk7m4zsG0cVx"
"3P888QFVX3264CYFNBR3KBR6ZKFQOX","385XUCFVXWREUISXKICLXGD21Y0V4T","Interacitve online experiment for 20-30 min","Interacitve online experiment for 20-30 min. You will win a bonus on average $3.","Interactive experiment","$1.00","Fri Mar 25 13:53:25 PDT 2016","100","BatchId:2327779;","14400","259200","Fri Mar 25 15:53:25 PDT 2016","","","3MTMREQS4WQP8PYUF3QT0PK7NJ1AWP","A17FB78KGK0UC9","Submitted","Fri Mar 25 14:06:44 PDT 2016","Fri Mar 25 14:33:00 PDT 2016","Mon Mar 28 14:33:00 PDT 2016","","","","1576","100% (1/1)","100% (1/1)","0% (0/0)","EkeuNcD5sxACo6bU"
"3P888QFVX3264CYFNBR3KBR6ZKFQOX","385XUCFVXWREUISXKICLXGD21Y0V4T","Interacitve online experiment for 20-30 min","Interacitve online experiment for 20-30 min. You will win a bonus on average $3.","Interactive experiment","$1.00","Fri Mar 25 13:53:25 PDT 2016","100","BatchId:2327779;","14400","259200","Fri Mar 25 15:53:25 PDT 2016","","","3NGI5ARFTUD3USOT7YJ5XUJ8QSSP1L","ARDUQ0GJAHDW0","Submitted","Fri Mar 25 14:12:25 PDT 2016","Fri Mar 25 14:39:58 PDT 2016","Mon Mar 28 14:39:58 PDT 2016","","","","1653","0% (0/0)","0% (0/0)","0% (0/0)","ECZTY4OcuyphRkXJ"
"3P888QFVX3264CYFNBR3KBR6ZKFQOX","385XUCFVXWREUISXKICLXGD21Y0V4T","Interacitve online experiment for 20-30 min","Interacitve online experiment for 20-30 min. You will win a bonus on average $3.","Interactive experiment","$1.00","Fri Mar 25 13:53:25 PDT 2016","100","BatchId:2327779;","14400","259200","Fri Mar 25 15:53:25 PDT 2016","","","3OHYZ19UGDDH3GPSOHZJJV7LKH2AOD","A2O9DCJ35SXHXI","Submitted","Fri Mar 25 13:59:48 PDT 2016","Fri Mar 25 15:17:12 PDT 2016","Mon Mar 28 15:17:12 PDT 2016","","","","4644","100% (1/1)","0% (0/0)","0% (0/0)","EKsQUfiyZTbeCkY4"
"3P888QFVX3264CYFNBR3KBR6ZKFQOX","385XUCFVXWREUISXKICLXGD21Y0V4T","Interacitve online experiment for 20-30 min","Interacitve online experiment for 20-30 min. You will win a bonus on average $3.","Interactive experiment","$1.00","Fri Mar 25 13:53:25 PDT 2016","100","BatchId:2327779;","14400","259200","Fri Mar 25 15:53:25 PDT 2016","","","3OJSZ2ATDT4DC4LCCZR00Y542ET75G","A26RO8GGTQAXGG","Submitted","Fri Mar 25 14:50:41 PDT 2016","Fri Mar 25 15:19:58 PDT 2016","Mon Mar 28 15:19:58 PDT 2016","","","","1757","100% (4/4)","100% (2/2)","100% (1/1)","ETHGZQS5kl8pL1Mo"
"3P888QFVX3264CYFNBR3KBR6ZKFQOX","385XUCFVXWREUISXKICLXGD21Y0V4T","Interacitve online experiment for 20-30 min","Interacitve online experiment for 20-30 min. You will win a bonus on average $3.","Interactive experiment","$1.00","Fri Mar 25 13:53:25 PDT 2016","100","BatchId:2327779;","14400","259200","Fri Mar 25 15:53:25 PDT 2016","","","3OLF68YTNA9NX3CZPEGTW1Y7SGDAFT","A33W1CMQ38WYRK","Submitted","Fri Mar 25 15:08:00 PDT 2016","Fri Mar 25 15:38:23 PDT 2016","Mon Mar 28 15:38:23 PDT 2016","","","","1823","100% (1/1)","0% (0/0)","0% (0/0)","EMm4Ubk9rDhdZBFL"
"3P888QFVX3264CYFNBR3KBR6ZKFQOX","385XUCFVXWREUISXKICLXGD21Y0V4T","Interacitve online experiment for 20-30 min","Interacitve online experiment for 20-30 min. You will win a bonus on average $3.","Interactive experiment","$1.00","Fri Mar 25 13:53:25 PDT 2016","100","BatchId:2327779;","14400","259200","Fri Mar 25 15:53:25 PDT 2016","","","3OLQQLKKNTX6SIF7O9907IGQ62QJEY","A3Q28O98H6KMKQ","Submitted","Fri Mar 25 13:55:28 PDT 2016","Fri Mar 25 14:21:25 PDT 2016","Mon Mar 28 14:21:25 PDT 2016","","","","1557","0% (0/0)","0% (0/0)","0% (0/0)","EiIq8wDcdEJtArS0"
"3P888QFVX3264CYFNBR3KBR6ZKFQOX","385XUCFVXWREUISXKICLXGD21Y0V4T","Interacitve online experiment for 20-30 min","Interacitve online experiment for 20-30 min. You will win a bonus on average $3.","Interactive experiment","$1.00","Fri Mar 25 13:53:25 PDT 2016","100","BatchId:2327779;","14400","259200","Fri Mar 25 15:53:25 PDT 2016","","","3OONKJ5DKDRMMQUKUVZFE6RR2ZOBOA","A2X8SEZX56LEAD","Submitted","Fri Mar 25 14:01:40 PDT 2016","Fri Mar 25 14:38:13 PDT 2016","Mon Mar 28 14:38:13 PDT 2016","","","","2193","0% (0/0)","0% (0/0)","0% (0/0)","EiwHsGrSEfLc2Olj"
"3P888QFVX3264CYFNBR3KBR6ZKFQOX","385XUCFVXWREUISXKICLXGD21Y0V4T","Interacitve online experiment for 20-30 min","Interacitve online experiment for 20-30 min. You will win a bonus on average $3.","Interactive experiment","$1.00","Fri Mar 25 13:53:25 PDT 2016","100","BatchId:2327779;","14400","259200","Fri Mar 25 15:53:25 PDT 2016","","","3OUYGIZWR863N33BBFF5JP0YL0N0PU","A30BF93F7EOSUS","Submitted","Fri Mar 25 13:59:10 PDT 2016","Fri Mar 25 14:32:43 PDT 2016","Mon Mar 28 14:32:43 PDT 2016","","","","2013","0% (0/0)","0% (0/0)","0% (0/0)","EKluRJYXLS5qnHC8"
"3P888QFVX3264CYFNBR3KBR6ZKFQOX","385XUCFVXWREUISXKICLXGD21Y0V4T","Interacitve online experiment for 20-30 min","Interacitve online experiment for 20-30 min. You will win a bonus on average $3.","Interactive experiment","$1.00","Fri Mar 25 13:53:25 PDT 2016","100","BatchId:2327779;","14400","259200","Fri Mar 25 15:53:25 PDT 2016","","","3P4MQ7TPPYK23W5BQQUT8MRSV07BB8","A341XKSRZ58FJK","Submitted","Fri Mar 25 15:39:31 PDT 2016","Fri Mar 25 16:27:02 PDT 2016","Mon Mar 28 16:27:02 PDT 2016","","","","2851","0% (0/0)","0% (0/0)","0% (0/0)","EGItao5fUQcvbgB9"
"3P888QFVX3264CYFNBR3KBR6ZKFQOX","385XUCFVXWREUISXKICLXGD21Y0V4T","Interacitve online experiment for 20-30 min","Interacitve online experiment for 20-30 min. You will win a bonus on average $3.","Interactive experiment","$1.00","Fri Mar 25 13:53:25 PDT 2016","100","BatchId:2327779;","14400","259200","Fri Mar 25 15:53:25 PDT 2016","","","3PQMUDRV7SEMDCXN2AERGWZILG9IIV","A1RN7D103KUVQ1","Submitted","Fri Mar 25 14:32:17 PDT 2016","Fri Mar 25 15:02:35 PDT 2016","Mon Mar 28 15:02:35 PDT 2016","","","","1818","100% (1/1)","100% (1/1)","100% (1/1)","EgT4JHt0YbLfGD8a"
"3P888QFVX3264CYFNBR3KBR6ZKFQOX","385XUCFVXWREUISXKICLXGD21Y0V4T","Interacitve online experiment for 20-30 min","Interacitve online experiment for 20-30 min. You will win a bonus on average $3.","Interactive experiment","$1.00","Fri Mar 25 13:53:25 PDT 2016","100","BatchId:2327779;","14400","259200","Fri Mar 25 15:53:25 PDT 2016","","","3PW9OPU9PRS72LNN508T1HBFFI112B","AYA4YHEEEO1T8","Submitted","Fri Mar 25 14:05:53 PDT 2016","Fri Mar 25 14:32:48 PDT 2016","Mon Mar 28 14:32:48 PDT 2016","","","","1615","100% (3/3)","100% (1/1)","0% (0/0)","EFBCk2WNfL5rxGqw"
"3P888QFVX3264CYFNBR3KBR6ZKFQOX","385XUCFVXWREUISXKICLXGD21Y0V4T","Interacitve online experiment for 20-30 min","Interacitve online experiment for 20-30 min. You will win a bonus on average $3.","Interactive experiment","$1.00","Fri Mar 25 13:53:25 PDT 2016","100","BatchId:2327779;","14400","259200","Fri Mar 25 15:53:25 PDT 2016","","","3PXX5PX6LY6XKM0JKCUXDB7MDIKABA","AABO9DD3QVMGE","Submitted","Fri Mar 25 14:23:16 PDT 2016","Fri Mar 25 14:56:41 PDT 2016","Mon Mar 28 14:56:41 PDT 2016","","","","2005","100% (1/1)","100% (1/1)","100% (1/1)","EUcIYAZmHFJ1Oz6d"
"3P888QFVX3264CYFNBR3KBR6ZKFQOX","385XUCFVXWREUISXKICLXGD21Y0V4T","Interacitve online experiment for 20-30 min","Interacitve online experiment for 20-30 min. You will win a bonus on average $3.","Interactive experiment","$1.00","Fri Mar 25 13:53:25 PDT 2016","100","BatchId:2327779;","14400","259200","Fri Mar 25 15:53:25 PDT 2016","","","3Q5ZZ9ZEVPNHCIQVM4J6EY1ZDYX852","A1B1QF55I0BUXT","Submitted","Fri Mar 25 14:18:20 PDT 2016","Fri Mar 25 14:49:43 PDT 2016","Mon Mar 28 14:49:43 PDT 2016","","","","1883","100% (2/2)","100% (1/1)","100% (1/1)","EZ62vpPIcmjyiBVW"
"3P888QFVX3264CYFNBR3KBR6ZKFQOX","385XUCFVXWREUISXKICLXGD21Y0V4T","Interacitve online experiment for 20-30 min","Interacitve online experiment for 20-30 min. You will win a bonus on average $3.","Interactive experiment","$1.00","Fri Mar 25 13:53:25 PDT 2016","100","BatchId:2327779;","14400","259200","Fri Mar 25 15:53:25 PDT 2016","","","3Q8GYXHFEQAJOLG83GZBGKXI3PJC5D","A1N4P4XGQM7NXE","Submitted","Fri Mar 25 14:10:15 PDT 2016","Fri Mar 25 14:51:08 PDT 2016","Mon Mar 28 14:51:08 PDT 2016","","","","2453","100% (1/1)","100% (1/1)","100% (1/1)","EL7Z6AGdfiWRXPwE"
"3P888QFVX3264CYFNBR3KBR6ZKFQOX","385XUCFVXWREUISXKICLXGD21Y0V4T","Interacitve online experiment for 20-30 min","Interacitve online experiment for 20-30 min. You will win a bonus on average $3.","Interactive experiment","$1.00","Fri Mar 25 13:53:25 PDT 2016","100","BatchId:2327779;","14400","259200","Fri Mar 25 15:53:25 PDT 2016","","","3QECW5O0KI90A2IJP2U15UXMRBIT5C","A050383932MZW4XOYPJAY","Submitted","Fri Mar 25 13:58:20 PDT 2016","Fri Mar 25 14:33:24 PDT 2016","Mon Mar 28 14:33:24 PDT 2016","","","","2104","0% (0/0)","0% (0/0)","0% (0/0)","E3ABFOH2u7sW1fxX"
"3P888QFVX3264CYFNBR3KBR6ZKFQOX","385XUCFVXWREUISXKICLXGD21Y0V4T","Interacitve online experiment for 20-30 min","Interacitve online experiment for 20-30 min. You will win a bonus on average $3.","Interactive experiment","$1.00","Fri Mar 25 13:53:25 PDT 2016","100","BatchId:2327779;","14400","259200","Fri Mar 25 15:53:25 PDT 2016","","","3QUO65DNQVW1IP3QUMGAJWJFRKUUO9","ATJBLM069WX0P","Submitted","Fri Mar 25 14:27:07 PDT 2016","Fri Mar 25 14:52:03 PDT 2016","Mon Mar 28 14:52:03 PDT 2016","","","","1496","0% (0/0)","0% (0/0)","0% (0/0)","Ek9L3jv6XOD8Z4GN"
"3P888QFVX3264CYFNBR3KBR6ZKFQOX","385XUCFVXWREUISXKICLXGD21Y0V4T","Interacitve online experiment for 20-30 min","Interacitve online experiment for 20-30 min. You will win a bonus on average $3.","Interactive experiment","$1.00","Fri Mar 25 13:53:25 PDT 2016","100","BatchId:2327779;","14400","259200","Fri Mar 25 15:53:25 PDT 2016","","","3RJSC4XJ112ZUTLSR06RLJVHU0L057","A3T9O5YB2YF110","Submitted","Fri Mar 25 13:57:42 PDT 2016","Fri Mar 25 14:24:53 PDT 2016","Mon Mar 28 14:24:53 PDT 2016","","","","1631","0% (0/0)","0% (0/0)","0% (0/0)","EcL2gwCzoZasWJ1k"
"3P888QFVX3264CYFNBR3KBR6ZKFQOX","385XUCFVXWREUISXKICLXGD21Y0V4T","Interacitve online experiment for 20-30 min","Interacitve online experiment for 20-30 min. You will win a bonus on average $3.","Interactive experiment","$1.00","Fri Mar 25 13:53:25 PDT 2016","100","BatchId:2327779;","14400","259200","Fri Mar 25 15:53:25 PDT 2016","","","3RKNTXVS3N6DZNFA5XKA5X1G3Q44AZ","A3SHLGG66PJXEB","Submitted","Fri Mar 25 14:52:00 PDT 2016","Fri Mar 25 15:20:38 PDT 2016","Mon Mar 28 15:20:38 PDT 2016","","","","1718","0% (0/0)","0% (0/0)","0% (0/0)","Ep36QKZz1wWdT4B9"
"3P888QFVX3264CYFNBR3KBR6ZKFQOX","385XUCFVXWREUISXKICLXGD21Y0V4T","Interacitve online experiment for 20-30 min","Interacitve online experiment for 20-30 min. You will win a bonus on average $3.","Interactive experiment","$1.00","Fri Mar 25 13:53:25 PDT 2016","100","BatchId:2327779;","14400","259200","Fri Mar 25 15:53:25 PDT 2016","","","3S4AW7T80CQUV66E2O90EBHRX22L4X","A24BRTWG07T53Z","Submitted","Fri Mar 25 14:22:36 PDT 2016","Fri Mar 25 14:48:24 PDT 2016","Mon Mar 28 14:48:24 PDT 2016","","","","1548","100% (1/1)","100% (1/1)","100% (1/1)","E1mi03QkEInyZYV9"
"3P888QFVX3264CYFNBR3KBR6ZKFQOX","385XUCFVXWREUISXKICLXGD21Y0V4T","Interacitve online experiment for 20-30 min","Interacitve online experiment for 20-30 min. You will win a bonus on average $3.","Interactive experiment","$1.00","Fri Mar 25 13:53:25 PDT 2016","100","BatchId:2327779;","14400","259200","Fri Mar 25 15:53:25 PDT 2016","","","3S96KQ6I9NCVEFXC48CK36LE4SHTDL","A3U5KFTZEOOT1Q","Submitted","Fri Mar 25 14:33:32 PDT 2016","Fri Mar 25 15:02:35 PDT 2016","Mon Mar 28 15:02:35 PDT 2016","","","","1743","0% (0/0)","0% (0/0)","0% (0/0)","ET9nMQ3F7tmRkgoE Click to finish"
"3P888QFVX3264CYFNBR3KBR6ZKFQOX","385XUCFVXWREUISXKICLXGD21Y0V4T","Interacitve online experiment for 20-30 min","Interacitve online experiment for 20-30 min. You will win a bonus on average $3.","Interactive experiment","$1.00","Fri Mar 25 13:53:25 PDT 2016","100","BatchId:2327779;","14400","259200","Fri Mar 25 15:53:25 PDT 2016","","","3SKEMFQBZ4DKU1BYTRNCGNKHAOT8KO","A23GWX64166H07","Submitted","Fri Mar 25 14:44:34 PDT 2016","Fri Mar 25 15:13:15 PDT 2016","Mon Mar 28 15:13:15 PDT 2016","","","","1721","100% (1/1)","0% (0/0)","0% (0/0)","E9NJfg8WKbnZyvVF"
"3P888QFVX3264CYFNBR3KBR6ZKFQOX","385XUCFVXWREUISXKICLXGD21Y0V4T","Interacitve online experiment for 20-30 min","Interacitve online experiment for 20-30 min. You will win a bonus on average $3.","Interactive experiment","$1.00","Fri Mar 25 13:53:25 PDT 2016","100","BatchId:2327779;","14400","259200","Fri Mar 25 15:53:25 PDT 2016","","","3SNLUL3WO5VTC40THU0IRFFLWFPLUJ","A8RDXT4ZILHQT","Submitted","Fri Mar 25 14:03:25 PDT 2016","Fri Mar 25 14:48:48 PDT 2016","Mon Mar 28 14:48:48 PDT 2016","","","","2723","0% (0/0)","0% (0/0)","0% (0/0)","Eo3sgu51R2crMQpe"
"3P888QFVX3264CYFNBR3KBR6ZKFQOX","385XUCFVXWREUISXKICLXGD21Y0V4T","Interacitve online experiment for 20-30 min","Interacitve online experiment for 20-30 min. You will win a bonus on average $3.","Interactive experiment","$1.00","Fri Mar 25 13:53:25 PDT 2016","100","BatchId:2327779;","14400","259200","Fri Mar 25 15:53:25 PDT 2016","","","3SUWZRL0MZLU4N004QFBYEBLKW6E6N","A161AJDHLJVCLZ","Submitted","Fri Mar 25 14:00:05 PDT 2016","Fri Mar 25 14:27:03 PDT 2016","Mon Mar 28 14:27:03 PDT 2016","","","","1618","100% (2/2)","100% (1/1)","100% (1/1)","EXtP5iJGmeDxKjaI"
"3P888QFVX3264CYFNBR3KBR6ZKFQOX","385XUCFVXWREUISXKICLXGD21Y0V4T","Interacitve online experiment for 20-30 min","Interacitve online experiment for 20-30 min. You will win a bonus on average $3.","Interactive experiment","$1.00","Fri Mar 25 13:53:25 PDT 2016","100","BatchId:2327779;","14400","259200","Fri Mar 25 15:53:25 PDT 2016","","","3TMFV4NEP9MBP15FI56F4YECXV28WK","A30G98ZDOZMUVK","Submitted","Fri Mar 25 14:00:56 PDT 2016","Fri Mar 25 14:39:03 PDT 2016","Mon Mar 28 14:39:03 PDT 2016","","","","2287","100% (1/1)","100% (1/1)","100% (1/1)","E2vTup5WF3j14qVb"
"3P888QFVX3264CYFNBR3KBR6ZKFQOX","385XUCFVXWREUISXKICLXGD21Y0V4T","Interacitve online experiment for 20-30 min","Interacitve online experiment for 20-30 min. You will win a bonus on average $3.","Interactive experiment","$1.00","Fri Mar 25 13:53:25 PDT 2016","100","BatchId:2327779;","14400","259200","Fri Mar 25 15:53:25 PDT 2016","","","3TOK3KHVJUQZKERUHENZ945VJ9WO70","A3TOQ0247CDV5J","Submitted","Fri Mar 25 13:54:22 PDT 2016","Fri Mar 25 14:28:21 PDT 2016","Mon Mar 28 14:28:21 PDT 2016","","","","2039","0% (0/0)","0% (0/0)","0% (0/0)","ErdnIzKqOcjNk1ZJ"
"3P888QFVX3264CYFNBR3KBR6ZKFQOX","385XUCFVXWREUISXKICLXGD21Y0V4T","Interacitve online experiment for 20-30 min","Interacitve online experiment for 20-30 min. You will win a bonus on average $3.","Interactive experiment","$1.00","Fri Mar 25 13:53:25 PDT 2016","100","BatchId:2327779;","14400","259200","Fri Mar 25 15:53:25 PDT 2016","","","3VNL7UK1XGRSCZB8VE7AR6OZG5XFTI","A27PKWZBSLGXQA","Submitted","Fri Mar 25 14:27:05 PDT 2016","Fri Mar 25 14:51:45 PDT 2016","Mon Mar 28 14:51:45 PDT 2016","","","","1480","0% (0/0)","0% (0/0)","0% (0/0)","Ee2bKgJjW1XwEIH3"
"3P888QFVX3264CYFNBR3KBR6ZKFQOX","385XUCFVXWREUISXKICLXGD21Y0V4T","Interacitve online experiment for 20-30 min","Interacitve online experiment for 20-30 min. You will win a bonus on average $3.","Interactive experiment","$1.00","Fri Mar 25 13:53:25 PDT 2016","100","BatchId:2327779;","14400","259200","Fri Mar 25 15:53:25 PDT 2016","","","3VZLGYJEYMI5YXBS102EJ1PN56DZX7","A12J4IRF5Z06BT","Submitted","Fri Mar 25 13:55:11 PDT 2016","Fri Mar 25 15:08:55 PDT 2016","Mon Mar 28 15:08:55 PDT 2016","","","","4424","100% (2/2)","100% (1/1)","100% (1/1)","EqsrfvFYxldCOEQb"
"3P888QFVX3264CYFNBR3KBR6ZKFQOX","385XUCFVXWREUISXKICLXGD21Y0V4T","Interacitve online experiment for 20-30 min","Interacitve online experiment for 20-30 min. You will win a bonus on average $3.","Interactive experiment","$1.00","Fri Mar 25 13:53:25 PDT 2016","100","BatchId:2327779;","14400","259200","Fri Mar 25 15:53:25 PDT 2016","","","3WOKGM4L72OL23RAWF2QUPV8BVR0OD","A1EXJ6UPVC0CSE","Submitted","Fri Mar 25 13:59:15 PDT 2016","Fri Mar 25 14:23:20 PDT 2016","Mon Mar 28 14:23:20 PDT 2016","","","","1445","0% (0/0)","0% (0/0)","0% (0/0)","E5rluGkVNCUhgJzs"
"3P888QFVX3264CYFNBR3KBR6ZKFQOX","385XUCFVXWREUISXKICLXGD21Y0V4T","Interacitve online experiment for 20-30 min","Interacitve online experiment for 20-30 min. You will win a bonus on average $3.","Interactive experiment","$1.00","Fri Mar 25 13:53:25 PDT 2016","100","BatchId:2327779;","14400","259200","Fri Mar 25 15:53:25 PDT 2016","","","3WZ36BJEV4O2ZIZSQCLE8GXE176BTX","A2NXAUQWYSR5TZ","Submitted","Fri Mar 25 14:45:39 PDT 2016","Fri Mar 25 15:15:35 PDT 2016","Mon Mar 28 15:15:35 PDT 2016","","","","1796","100% (1/1)","100% (1/1)","0% (0/0)","ERObrhGKnpqIBSF3"
"3P888QFVX3264CYFNBR3KBR6ZKFQOX","385XUCFVXWREUISXKICLXGD21Y0V4T","Interacitve online experiment for 20-30 min","Interacitve online experiment for 20-30 min. You will win a bonus on average $3.","Interactive experiment","$1.00","Fri Mar 25 13:53:25 PDT 2016","100","BatchId:2327779;","14400","259200","Fri Mar 25 15:53:25 PDT 2016","","","3X3OR7WPZ08VE7TGERZDVNXWZOX8LQ","A3DBM65X3NT9OA","Submitted","Fri Mar 25 13:58:53 PDT 2016","Fri Mar 25 15:15:43 PDT 2016","Mon Mar 28 15:15:43 PDT 2016","","","","4610","0% (0/0)","0% (0/0)","0% (0/0)","Er41zQ0TubNBLDMf"
"3P888QFVX3264CYFNBR3KBR6ZKFQOX","385XUCFVXWREUISXKICLXGD21Y0V4T","Interacitve online experiment for 20-30 min","Interacitve online experiment for 20-30 min. You will win a bonus on average $3.","Interactive experiment","$1.00","Fri Mar 25 13:53:25 PDT 2016","100","BatchId:2327779;","14400","259200","Fri Mar 25 15:53:25 PDT 2016","","","3YW4XOSQKRTGMXWPOKIZ7067Y9KU1M","A21I1WYAFKXBC6","Submitted","Fri Mar 25 14:13:07 PDT 2016","Fri Mar 25 14:39:40 PDT 2016","Mon Mar 28 14:39:40 PDT 2016","","","","1593","0% (0/0)","0% (0/0)","0% (0/0)","E0Uov87Vlkm4ptjS"
"3P888QFVX3264CYFNBR3KBR6ZKFQOX","385XUCFVXWREUISXKICLXGD21Y0V4T","Interacitve online experiment for 20-30 min","Interacitve online experiment for 20-30 min. You will win a bonus on average $3.","Interactive experiment","$1.00","Fri Mar 25 13:53:25 PDT 2016","100","BatchId:2327779;","14400","259200","Fri Mar 25 15:53:25 PDT 2016","","","3ZV9H2YQQEFPO4Z96OBJDH61H9B3WO","A34A7MN2SKHWUC","Submitted","Fri Mar 25 14:44:46 PDT 2016","Fri Mar 25 15:13:36 PDT 2016","Mon Mar 28 15:13:36 PDT 2016","","","","1730","100% (3/3)","0% (0/0)","0% (0/0)","E3mcpAiT2KgnOjf7"